code,region_l2,division,River flood,Urban flood,Coastal flood,Earthquake,Landslide,Tsunami,Volcano,Cyclone,Water scarcity,Extreme heat,Wildfire
72846,Administrative unit not available,Administrative unit not available,Very low,,,Medium,High,,,,Medium,Very low,
72807,Administrative unit not available,Administrative unit not available,Very low,,,Medium,Medium,,,,Low,Very low,
72803,Administrative unit not available,Administrative unit not available,Very low,,,Medium,Medium,,,,Low,Very low,
72796,Administrative unit not available,Administrative unit not available,Very low,,,Medium,Medium,,,,Low,Very low,
72792,Administrative unit not available,Administrative unit not available,Very low,,,,Very low,,,,Low,,
72819,Administrative unit not available,Administrative unit not available,Very low,,,Medium,Medium,,,Very low,Low,Very low,
72824,Administrative unit not available,Administrative unit not available,Low,,,,High,,,,Low,,
72827,Administrative unit not available,Administrative unit not available,Very low,,,Medium,Medium,,,Very low,Medium,Very low,
72823,Administrative unit not available,Administrative unit not available,Very low,,,Medium,High,,,,Low,,
72832,Administrative unit not available,Administrative unit not available,Very low,,,,Very low,,,,Low,,
72800,Administrative unit not available,Administrative unit not available,High,,,Medium,Medium,,,,Low,Low,
72821,Administrative unit not available,Administrative unit not available,Very low,,,Medium,High,,,,Low,Very low,
72809,Administrative unit not available,Administrative unit not available,Very low,,,Medium,Medium,,,Very low,Medium,Low,
72830,Administrative unit not available,Administrative unit not available,Very low,,,Medium,High,,,,Low,Very low,
72842,Administrative unit not available,Administrative unit not available,Very low,,,Medium,High,,,,Low,Low,
72816,Administrative unit not available,Administrative unit not available,Very low,,,,High,,,,Low,,
72820,Administrative unit not available,Administrative unit not available,Very low,,,Medium,Medium,,,,Low,Low,
72780,Administrative unit not available,Administrative unit not available,Low,,,Medium,High,,,Very low,High,High,
72805,Administrative unit not available,Administrative unit not available,Very low,,,Medium,Medium,,,Very low,Low,Very low,
72797,Administrative unit not available,Administrative unit not available,Very low,,,,,,,,Low,,
72779,Administrative unit not available,Administrative unit not available,Very low,,,Medium,High,,,,Medium,Very low,
72814,Administrative unit not available,Administrative unit not available,High,,,Medium,Medium,,,Very low,Low,Low,
72782,Administrative unit not available,Administrative unit not available,Very low,,,Medium,High,,,,Low,Low,
72829,Administrative unit not available,Administrative unit not available,Very low,,,Medium,Medium,,,,Low,Very low,
72839,Administrative unit not available,Administrative unit not available,Very low,,,,High,,,,Low,,
72781,Administrative unit not available,Administrative unit not available,Very low,,,,High,,,,Low,,
72786,Administrative unit not available,Administrative unit not available,Very low,,,High,High,,,Very low,Medium,Low,
72806,Administrative unit not available,Administrative unit not available,Very low,,,Medium,Medium,,,,Low,,
72790,Administrative unit not available,Administrative unit not available,Very low,,,Medium,Medium,,,,Medium,Very low,
72831,Administrative unit not available,Administrative unit not available,Very low,,,Medium,High,,,Very low,Medium,High,
72813,Administrative unit not available,Administrative unit not available,High,,,Medium,Medium,,,Very low,Low,Low,
72811,Administrative unit not available,Administrative unit not available,High,,,Medium,Medium,,,Very low,Low,Low,
72802,Administrative unit not available,Administrative unit not available,Very low,,,Medium,High,,,Very low,Low,Low,
72801,Administrative unit not available,Administrative unit not available,Very low,,,Medium,Medium,,,,Low,Very low,
72789,Administrative unit not available,Administrative unit not available,High,,,High,High,,,Very low,Medium,Low,
72791,Administrative unit not available,Administrative unit not available,Very low,,,Medium,Medium,,,,Low,Very low,
72825,Administrative unit not available,Administrative unit not available,Very low,,,,Low,,,,Low,,
72822,Administrative unit not available,Administrative unit not available,Very low,,,,Low,,,,Low,,
72828,Administrative unit not available,Administrative unit not available,Very low,,,,Medium,,,,Low,,
72836,Administrative unit not available,Administrative unit not available,Very low,,,,High,,,,Low,,
72826,Administrative unit not available,Administrative unit not available,Very low,,,Medium,Medium,,,,Low,Very low,
72808,Administrative unit not available,Administrative unit not available,High,,,Medium,Medium,,,,Low,Low,
72851,Administrative unit not available,Administrative unit not available,Very low,,,Medium,High,,,Very low,Low,High,
72815,Administrative unit not available,Administrative unit not available,High,,,Medium,Medium,,,,Low,,
72834,Administrative unit not available,Administrative unit not available,Very low,,,,High,,,,Low,,
72838,Administrative unit not available,Administrative unit not available,Very low,,,Medium,High,,,Very low,Low,Low,
72788,Administrative unit not available,Administrative unit not available,Very low,,,Medium,Medium,,,Very low,Medium,Very low,
72804,Administrative unit not available,Administrative unit not available,Very low,,,Medium,Medium,,,Very low,Low,Very low,
72812,Administrative unit not available,Administrative unit not available,Very low,,,,Medium,,,,Low,,
72787,Administrative unit not available,Administrative unit not available,Very low,,,Medium,High,,,Very low,Medium,Very low,
72849,Administrative unit not available,Administrative unit not available,Very low,,,,Medium,,,,Low,,
72833,Administrative unit not available,Administrative unit not available,Very low,,,,High,,,,Low,,
72841,Administrative unit not available,Administrative unit not available,Very low,,,Medium,Very low,,,Very low,Medium,Very low,
72847,Administrative unit not available,Administrative unit not available,Medium,,,Medium,Low,,,Very low,High,High,
72850,Administrative unit not available,Administrative unit not available,Medium,,,,Medium,,,,Medium,,
72845,Administrative unit not available,Administrative unit not available,Medium,,,Medium,Medium,,,,Low,,
72798,Administrative unit not available,Administrative unit not available,Very low,,,Medium,Medium,,,,Low,Very low,
72785,Administrative unit not available,Administrative unit not available,Very low,,,Medium,High,,,Very low,Medium,Very low,
72794,Administrative unit not available,Administrative unit not available,Very low,,,Medium,Medium,,,Very low,Low,Low,
72795,Administrative unit not available,Administrative unit not available,Very low,,,,Medium,,,,Low,,
72810,Administrative unit not available,Administrative unit not available,Very low,,,High,High,,,Very low,Medium,Medium,
72818,Administrative unit not available,Administrative unit not available,Low,,,Medium,Low,,,,Low,,
72784,Administrative unit not available,Administrative unit not available,Very low,,,Medium,Medium,,,,High,High,
72848,Administrative unit not available,Administrative unit not available,Very low,,,,Medium,,,,Low,,
72843,Administrative unit not available,Administrative unit not available,Very low,,,Medium,High,,,Very low,Low,High,
72817,Administrative unit not available,Administrative unit not available,,,,Medium,Medium,,,,Low,Low,
72793,Administrative unit not available,Administrative unit not available,,,,Medium,Medium,,,,Low,Very low,
72783,Administrative unit not available,Administrative unit not available,,,,,Low,,,,Low,,
72799,Administrative unit not available,Administrative unit not available,,,,,Medium,,,,Low,,
72835,Administrative unit not available,Administrative unit not available,,,,,Very low,,,,Low,,
72837,Administrative unit not available,Administrative unit not available,,,,,Medium,,,,Low,,
72844,Administrative unit not available,Administrative unit not available,,,,,Medium,,,,Low,,
17545,Andaman and Nicobar,Andaman Islands,Very low,High,High,Medium,Medium,Medium,Low,High,Very low,Medium,Very low
17546,Andaman and Nicobar,Nicobar Islands,Very low,Very low,High,Medium,High,Medium,,High,Very low,Medium,Very low
17547,Andhra Pradesh,Adilabad,Medium,Low,,Medium,Low,,,Medium,Medium,High,High
17548,Andhra Pradesh,Anantapur,Low,Low,,Medium,Very low,,,High,High,High,High
17549,Andhra Pradesh,Chittoor,Low,Low,,Medium,Low,,,High,High,High,High
17550,Andhra Pradesh,Cuddapah,Medium,Low,,Medium,Low,,,High,Medium,High,High
17551,Andhra Pradesh,East Godavari,Medium,Medium,Medium,Medium,Medium,Medium,,High,Medium,High,High
17552,Andhra Pradesh,Guntur,Medium,Low,Very low,Medium,Very low,Medium,,High,High,High,High
17553,Andhra Pradesh,Hyderabad,Low,Low,,Medium,Very low,,,Medium,High,Medium,High
17554,Andhra Pradesh,Karimnagar,Medium,Low,,Medium,Very low,,,High,High,High,High
17555,Andhra Pradesh,Khammam,Medium,Low,,Medium,Low,,,High,High,High,High
17556,Andhra Pradesh,Krishna,High,Low,Medium,Medium,Very low,Medium,,High,High,High,High
17557,Andhra Pradesh,Kurnool,Low,Low,,Medium,Very low,,,High,High,High,High
17558,Andhra Pradesh,Mahbubnagar,Medium,Low,,Medium,Very low,,,High,High,High,High
17559,Andhra Pradesh,Medak,Medium,Low,,Medium,Very low,,,High,High,High,High
17560,Andhra Pradesh,Nalgonda,Low,Low,,Medium,Very low,,,High,High,High,High
17561,Andhra Pradesh,Nellore,Medium,Low,Medium,Medium,Very low,Medium,,High,High,High,High
17562,Andhra Pradesh,Nizamabad,Medium,Low,,Medium,Very low,,,Low,Medium,High,High
17563,Andhra Pradesh,Prakasam,Medium,Low,Medium,Medium,Low,Medium,,High,High,High,High
17564,Andhra Pradesh,Rangareddi,Low,Low,,Medium,Very low,,,High,High,High,High
17565,Andhra Pradesh,Srikakulam,High,Medium,High,Medium,Low,Medium,,High,Medium,High,High
17566,Andhra Pradesh,Vishakhapatnam,Medium,Medium,Medium,Medium,Medium,Medium,,High,Medium,High,High
17567,Andhra Pradesh,Vizianagaram,Medium,Medium,Medium,Medium,Low,Medium,,High,Medium,High,High
17568,Andhra Pradesh,Warangal,Low,Low,,Medium,Very low,,,High,High,High,High
17569,Andhra Pradesh,West Godavari,High,Low,Medium,Medium,Very low,Medium,,High,High,High,High
70083,Arunachal Pradesh,Changlang,High,High,,Medium,High,,,Low,Very low,High,High
17571,Arunachal Pradesh,East Siang,Medium,Very low,,Medium,Low,,,Very low,Very low,High,High
17572,Arunachal Pradesh,Lohit,High,High,,Medium,High,,,Low,Very low,High,High
70084,Arunachal Pradesh,Lower Dibang Valley,High,Medium,,Medium,High,,,Very low,Very low,High,High
17573,Arunachal Pradesh,Lower Subansiri,Very low,Very low,,Medium,High,,,,Very low,,Medium
70085,Arunachal Pradesh,Papum Pare,Very low,Very low,,Medium,Low,,,,Very low,High,High
17574,Arunachal Pradesh,Tirap,Very low,High,,Medium,High,,,Low,Very low,High,High
17575,Arunachal Pradesh,West Siang,Very low,Very low,,Medium,High,,,,Very low,High,High
17576,Assam,Barpeta,High,High,,Medium,Low,,,Very low,Very low,High,High
70086,Assam,Bongaigaon,High,High,,Medium,Low,,,Very low,Very low,High,High
17577,Assam,Cachar,High,High,,Medium,High,,,High,Medium,High,High
17578,Assam,Darrang,High,High,,Medium,Low,,,Very low,Very low,High,High
70087,Assam,Dhemaji,High,Low,,Medium,Low,,,Low,Very low,High,High
17579,Assam,Dhuburi,High,High,,Medium,Low,,,Low,Medium,High,High
17580,Assam,Dibrugarh,High,High,,Medium,Low,,,Low,Very low,High,High
17581,Assam,Goalpara,,High,,Medium,Low,,,Low,Very low,High,High
17582,Assam,Golaghat,High,High,,Medium,Low,,,Very low,Very low,High,High
70088,Assam,Hailakandi,High,High,,Medium,Medium,,,High,Very low,High,High
70089,Assam,Jorhat,High,Medium,,Medium,Very low,,,Low,Very low,High,High
17583,Assam,Kamrup,High,High,,Medium,Medium,,,Very low,Very low,High,High
17584,Assam,Karbi Anglong,High,High,,Medium,Medium,,,Low,Very low,High,High
17585,Assam,Karimganj,High,High,,Medium,Low,,,High,Medium,High,High
70090,Assam,Kokrajhar,High,High,,Medium,Low,,,Low,Medium,High,High
70091,Assam,Lakhimpur,High,High,,Medium,Very low,,,Low,Very low,High,High
70092,Assam,Marigaon,High,High,,Medium,Low,,,Very low,Very low,High,High
17589,Assam,Nagaon,High,High,,Medium,Low,,,Very low,Very low,High,High
17590,Assam,Nalbari,High,High,,Medium,Low,,,Very low,Very low,High,High
17591,Assam,North Cachar Hills,Low,Medium,,Medium,High,,,Low,Very low,High,High
17592,Assam,Sibsagar,High,High,,Medium,Very low,,,Low,Very low,High,High
17593,Assam,Sonitpur,High,Medium,,Medium,Low,,,Low,Very low,High,High
70093,Assam,Tinsukia,High,Medium,,Medium,Low,,,Low,Very low,High,High
70094,Bihar,Araria,High,Medium,,Medium,Very low,,,Low,High,High,High
17594,Bihar,Aurangabad,High,Low,,Medium,Very low,,,Low,High,High,High
70095,Bihar,Banka,Low,Low,,Medium,Very low,,,High,High,High,High
17595,Bihar,Begusarai,High,Medium,,Medium,Very low,,,Low,High,High,High
70096,Bihar,Bhabua,High,Medium,,Medium,Very low,,,Very low,High,High,High
17596,Bihar,Bhagalpur,High,Low,,Medium,Very low,,,High,High,High,High
70097,Bihar,Bhojpur,High,Low,,Medium,Very low,,,Very low,High,High,High
70098,Bihar,Buxar,Medium,Low,,Medium,Very low,,,Very low,High,High,High
17598,Bihar,Darbhanga,High,Medium,,Medium,Very low,,,Very low,High,High,High
17601,Bihar,Gaya,Medium,Low,,Medium,Very low,,,Low,High,High,High
17604,Bihar,Gopalganj,Medium,Low,,Medium,Very low,,,Very low,High,High,High
70099,Bihar,Jamui,Low,Low,,Medium,Very low,,,High,High,High,High
17607,Bihar,Jehanabad,High,High,,Medium,,,,Low,High,High,High
17608,Bihar,Katihar,High,High,,Medium,Very low,,,High,High,High,High
17609,Bihar,Khagaria,High,Low,,Medium,Very low,,,Low,High,High,High
70100,Bihar,Kishanganj,High,High,,Medium,Very low,,,Low,High,High,High
70101,Bihar,Lakhisarai,High,Medium,,Medium,Very low,,,Low,High,High,High
17612,Bihar,Madhepura,High,Medium,,Medium,Very low,,,Low,High,High,High
17611,Bihar,Madhubani,High,Medium,,Medium,Very low,,,Very low,High,High,High
17614,Bihar,Munger,Medium,Low,,Medium,Very low,,,Medium,High,High,High
17613,Bihar,Muzaffarpur,High,Medium,,Medium,Very low,,,Very low,High,High,High
17615,Bihar,Nalanda,High,Medium,,Medium,Very low,,,Low,High,High,High
17616,Bihar,Nawada,Low,Low,,Medium,Very low,,,Medium,High,High,High
17618,Bihar,Pashchim Champaran,Medium,Low,,Medium,Low,,,Low,High,High,High
17619,Bihar,Patna,High,High,,Medium,Very low,,,Low,High,High,High
17620,Bihar,Purba Champaran,High,Low,,Medium,Very low,,,Very low,High,High,High
17621,Bihar,Purnia,High,Medium,,Medium,Very low,,,Medium,High,High,High
17623,Bihar,Rohtas,Low,Low,,Medium,Very low,,,Very low,High,High,High
17624,Bihar,Saharsa,High,High,,Medium,Very low,,,Low,High,High,High
17626,Bihar,Samastipur,High,Medium,,Medium,Very low,,,Low,High,High,High
17628,Bihar,Saran,High,Low,,Medium,Very low,,,Very low,High,High,High
70102,Bihar,Sheikhpura,High,High,,Medium,Very low,,,Low,High,High,High
70103,Bihar,Sheohar,High,High,,Medium,Very low,,,Very low,High,High,High
17630,Bihar,Sitamarhi,High,Low,,Medium,Very low,,,Very low,High,High,High
17631,Bihar,Siwan,High,Low,,Medium,Very low,,,Very low,High,High,High
70104,Bihar,Supaul,High,Medium,,Medium,Very low,,,Low,High,High,High
17632,Bihar,Vaishali,High,Low,,Medium,Very low,,,Very low,High,High,High
17823,Chandigarh,Chandigarh,Very low,Low,,Medium,Very low,,,,High,High,High
70105,Chhattisgarh,Bastar,Medium,High,,Medium,Low,,,High,Medium,High,High
70106,Chhattisgarh,Bilaspur,Medium,Low,,Medium,Low,,,Low,Medium,High,High
70107,Chhattisgarh,Dantewada,Medium,Medium,,Medium,Low,,,High,Medium,High,High
70108,Chhattisgarh,Dhamtari,Medium,Low,,Medium,Low,,,High,Low,High,High
17724,Chhattisgarh,Durg,Medium,Low,,Medium,Very low,,,Medium,Low,High,High
70109,Chhattisgarh,Janjgir-Champa,High,Low,,Medium,Very low,,,Medium,Low,High,High
70110,Chhattisgarh,Jashpur,Very low,Low,,Medium,Low,,,High,Low,High,High
70111,Chhattisgarh,Kanker,Low,Medium,,Medium,Low,,,High,Medium,High,High
70112,Chhattisgarh,Kawardha,Low,Low,,Medium,Low,,,Very low,Low,High,High
70113,Chhattisgarh,Korba,Low,Low,,Medium,Low,,,Low,Low,High,High
70114,Chhattisgarh,Koriya,Very low,Low,,Medium,Low,,,Very low,Medium,High,High
70115,Chhattisgarh,Mahasamund,Medium,Low,,Medium,Very low,,,High,Low,High,High
70297,Chhattisgarh,Raigarh,Low,Low,,Medium,Low,,,High,Low,High,High
70116,Chhattisgarh,Raipur,Medium,Low,,Medium,,,,High,Low,High,High
70117,Chhattisgarh,Raj Nandgaon,Low,Low,,Medium,Low,,,Low,Medium,High,High
70118,Chhattisgarh,Surguja,Very low,Very low,,Medium,Low,,,Medium,High,High,High
70119,Dadra and Nagar Haveli,Dadra and Nagar Haveli,Very low,Medium,,Medium,High,,,High,Medium,High,High
70120,Daman and Diu,Daman,Very low,Very low,,Medium,Medium,Medium,,High,Medium,,High
70121,Daman and Diu,Junagadh,Medium,Low,High,Medium,Very low,Medium,,High,High,High,High
17633,Delhi,Delhi,High,High,,Medium,Very low,,,Very low,High,High,High
70122,Goa,North Goa,Low,High,Medium,Medium,High,Medium,,High,Low,High,High
70123,Goa,South Goa,Very low,High,Medium,Medium,Medium,Medium,,High,Very low,High,High
17635,Gujarat,Ahmadabad,Medium,Low,Medium,Medium,Very low,Medium,,High,High,High,High
17636,Gujarat,Amreli,Low,Low,High,Medium,Very low,Medium,,High,High,High,High
70124,Gujarat,Anand,Medium,Low,High,Medium,Very low,,,High,High,High,High
17637,Gujarat,Banas Kantha,Low,Very low,,Medium,Very low,,,Low,High,High,High
17638,Gujarat,Bharuch,Medium,Low,High,Medium,Very low,Medium,,High,High,High,High
17639,Gujarat,Bhavnagar,Low,Low,High,Medium,Very low,Medium,,High,High,High,High
70125,Gujarat,Dahod,Low,Low,,Medium,Low,,,Medium,High,High,High
17640,Gujarat,Gandhinagar,Medium,Low,,Medium,Very low,,,Low,High,High,High
17641,Gujarat,Jamnagar,Very low,Low,High,Medium,Very low,Medium,,High,High,High,High
17642,Gujarat,Junagadh,Low,Low,High,Medium,Very low,Medium,,High,High,High,High
17643,Gujarat,Kachchh,Medium,Low,High,Medium,Very low,Medium,,High,High,High,High
17644,Gujarat,Kheda,High,Low,,Medium,Very low,,,High,High,High,High
17645,Gujarat,Mahesana,Low,Very low,,Medium,Very low,,,Low,High,High,High
70126,Gujarat,Narmada,Low,Low,,Medium,Medium,,,High,Medium,High,High
70127,Gujarat,Navsari,Medium,Medium,High,Medium,Medium,Medium,,High,Medium,High,High
70128,Gujarat,Panch Mahals,Very low,Low,,Medium,Very low,,,Medium,High,High,High
70129,Gujarat,Patan,Medium,Very low,Medium,Medium,Very low,,,Medium,High,High,High
70130,Gujarat,Porbandar,High,Low,Medium,Medium,Very low,Medium,,High,High,High,High
17647,Gujarat,Rajkot,Very low,Low,High,Medium,Very low,,,High,High,High,High
17648,Gujarat,Sabar Kantha,Very low,Low,,Medium,Very low,,,Low,High,High,High
17649,Gujarat,Surat,Medium,Low,High,Medium,Low,Medium,,High,Medium,High,High
17650,Gujarat,Surendranagar,Low,Very low,Medium,Medium,Very low,,,High,High,High,High
17651,Gujarat,The Dangs,Very low,Very low,,Medium,High,,,High,Medium,High,High
17652,Gujarat,Vadodara,Medium,Low,Very low,Medium,Low,,,High,High,High,High
17653,Gujarat,Valsad,Low,Medium,High,Medium,High,Medium,,High,Medium,High,High
17654,Haryana,Ambala,Medium,Low,,Medium,Very low,,,Very low,High,High,High
17655,Haryana,Bhiwani,High,Low,,Medium,Very low,,,Very low,High,High,High
70131,Haryana,Faridabad,High,Low,,Medium,Very low,,,Very low,High,High,High
70132,Haryana,Fatehabad,High,Medium,,Medium,Very low,,,Very low,High,High,High
17657,Haryana,Gurgaon,Medium,Low,,Medium,Very low,,,Very low,High,High,High
17658,Haryana,Hisar,High,Medium,,Medium,Very low,,,Very low,High,High,High
70133,Haryana,Jhajjar,High,Medium,,Medium,Very low,,,Very low,Medium,High,High
17659,Haryana,Jind,High,Medium,,Medium,Very low,,,Very low,High,High,High
70134,Haryana,Kaithal,High,Medium,,Medium,Very low,,,Very low,High,High,High
17660,Haryana,Karnal,Medium,Low,,Medium,Very low,,,Very low,High,High,High
17661,Haryana,Kurukshetra,High,Medium,,Medium,Very low,,,Very low,High,High,High
17662,Haryana,Mahendragarh,Low,Low,,Medium,Very low,,,Very low,High,High,High
70135,Haryana,Panchkula,Very low,Low,,Medium,Medium,,,Very low,High,High,High
70136,Haryana,Panipat,Medium,Low,,Medium,Very low,,,Very low,High,High,High
70137,Haryana,Rewari,Low,Very low,,Medium,Very low,,,Very low,High,High,High
17663,Haryana,Rohtak,High,Medium,,Medium,Very low,,,Very low,High,High,High
17664,Haryana,Sirsa,High,Medium,,Medium,Very low,,,Very low,High,High,High
17665,Haryana,Sonepat,Medium,Low,,Medium,Very low,,,Very low,High,High,High
70138,Haryana,Yamuna Nagar,Medium,Low,,Medium,Very low,,,Very low,High,High,High
17666,Himachal Pradesh,Bilaspur,Very low,Very low,,Medium,High,,,Very low,Medium,High,High
17667,Himachal Pradesh,Chamba,Very low,Low,,Medium,High,,,Very low,Medium,High,High
17668,Himachal Pradesh,Hamirpur,Low,Low,,Medium,Medium,,,Very low,Medium,High,High
17669,Himachal Pradesh,Kangra,Low,Low,,Medium,High,,,Very low,Medium,High,High
17670,Himachal Pradesh,Kinnaur,Very low,Very low,,Medium,High,,,Very low,Medium,Very low,High
17671,Himachal Pradesh,Kullu,Very low,High,,Medium,High,,,Very low,Medium,Low,High
17672,Himachal Pradesh,Lahul and Spiti,Very low,High,,Medium,Medium,,,Very low,Medium,Very low,High
17673,Himachal Pradesh,Mandi,Very low,Low,,Medium,High,,,Very low,Medium,Medium,High
17674,Himachal Pradesh,Shimla,Very low,Medium,,Medium,High,,,Very low,Medium,Low,High
17675,Himachal Pradesh,Sirmaur,Very low,Low,,Medium,High,,,Very low,High,High,High
17676,Himachal Pradesh,Solan,Very low,Low,,Medium,High,,,Very low,High,High,High
17677,Himachal Pradesh,Una,Very low,Low,,Medium,Medium,,,Very low,Medium,High,High
70139,Jharkhand,Bokaro,Low,Low,,Medium,Very low,,,High,Medium,High,High
70140,Jharkhand,Chatra,Very low,Low,,Medium,Very low,,,High,High,High,High
17600,Jharkhand,Deoghar,Very low,Low,,Medium,Very low,,,High,High,High,High
70141,Jharkhand,Dhanbad,Medium,Low,,Medium,Very low,,,High,Medium,High,High
70142,Jharkhand,Dumka,Very low,Medium,,Medium,Very low,,,High,High,High,High
70143,Jharkhand,Garhwa,Low,Low,,Medium,Low,,,Low,High,High,High
70144,Jharkhand,Giridih,Very low,Very low,,Medium,Very low,,,High,High,High,High
17603,Jharkhand,Godda,Low,Low,,Medium,Very low,,,High,High,High,High
70145,Jharkhand,Gumla,Very low,Very low,,Medium,Low,,,High,Medium,High,High
70146,Jharkhand,Hazaribag,Very low,Low,,Medium,Very low,,,High,High,High,High
70147,Jharkhand,Jamtara,Low,Very low,,Medium,Very low,,,High,Medium,High,High
70148,Jharkhand,Koderma,Low,Very low,,Medium,Very low,,,High,High,High,High
70149,Jharkhand,Latehar,Very low,Medium,,Medium,Low,,,High,Medium,High,High
17610,Jharkhand,Lohardaga,Very low,Low,,Medium,Low,,,High,Medium,High,High
70150,Jharkhand,Pakur,Medium,Medium,,Medium,Very low,,,High,Medium,High,High
70151,Jharkhand,Palamu,Medium,Low,,Medium,Very low,,,Low,High,High,High
70152,Jharkhand,Pashchim Singhbhum,Low,Medium,,Medium,Low,,,High,Medium,High,High
70153,Jharkhand,Purba Singhbhum,Low,Low,,Medium,Low,,,High,Medium,High,High
17622,Jharkhand,Ranchi,Very low,Low,,Medium,Low,,,High,Medium,High,High
70154,Jharkhand,Sahibganj,High,Medium,,Medium,Low,,,High,High,High,High
70155,Jharkhand,Saraikela Kharsawan,Low,Low,,Medium,Low,,,High,Medium,High,High
70156,Jharkhand,Simdega,Very low,Very low,,Medium,Very low,,,High,Low,High,High
70157,Karnataka,Bagalkot,High,Medium,,Medium,Very low,,,High,Medium,High,High
70158,Karnataka,Bangalore Rural,Low,Low,,Medium,Low,,,High,High,Medium,High
70159,Karnataka,Bangalore Urban,Low,Low,,Medium,Very low,,,High,High,Medium,High
17679,Karnataka,Belgaum,Medium,Low,,Medium,Very low,,,High,Medium,High,High
17680,Karnataka,Bellary,Low,Low,,Medium,Very low,,,Medium,High,High,High
17681,Karnataka,Bidar,Medium,Low,,Medium,Very low,,,Low,Medium,Medium,High
17682,Karnataka,Bijapur,Low,Low,,Medium,Very low,,,High,Medium,High,High
70160,Karnataka,Chamrajnagar,Low,Low,,Medium,Medium,,,High,Medium,Medium,High
17683,Karnataka,Chikmagalur,Low,Low,,Medium,Medium,,,High,Medium,High,High
70161,Karnataka,Chitradurga,Low,Low,,Medium,Very low,,,Medium,High,Medium,High
17685,Karnataka,Dakshin Kannad,Very low,Medium,Medium,Medium,High,Medium,,High,Medium,High,High
70162,Karnataka,Davanagere,Low,Low,,Medium,Very low,,,Medium,Medium,Medium,High
17686,Karnataka,Dharwad,Medium,Low,,Medium,Very low,,,High,Medium,Medium,High
70163,Karnataka,Gadag,Medium,Low,,Medium,Very low,,,High,Medium,Medium,High
17687,Karnataka,Gulbarga,Medium,Low,,Medium,Very low,,,High,High,High,High
17688,Karnataka,Hassan,Low,Low,,Medium,Low,,,High,Medium,Medium,High
70164,Karnataka,Haveri,Medium,Low,,Medium,Very low,,,Medium,Medium,Medium,High
17689,Karnataka,Kodagu,Very low,Low,,Medium,High,,,High,Medium,Medium,High
17690,Karnataka,Kolar,Low,Low,,Medium,Very low,,,High,High,Medium,High
70165,Karnataka,Koppal,Very low,Low,,Medium,Very low,,,High,Medium,High,High
17691,Karnataka,Mandya,Medium,Low,,Medium,Very low,,,High,Medium,Medium,High
17692,Karnataka,Mysore,Medium,Low,,Medium,Very low,,,High,Medium,Medium,High
17693,Karnataka,Raichur,Medium,Low,,Medium,Very low,,,Medium,High,High,High
17694,Karnataka,Shimoga,Low,Low,Very low,Medium,Medium,,,High,Medium,Medium,High
17695,Karnataka,Tumkur,Low,Low,,Medium,Very low,,,High,High,Medium,High
70166,Karnataka,Udupi,Very low,High,Medium,Medium,High,Medium,,High,Medium,High,High
17696,Karnataka,Uttar Kannand,Low,Medium,Medium,Medium,Medium,Medium,,High,Medium,High,High
70298,Kerala,Alappuzha,Medium,Medium,Medium,Medium,Very low,Medium,,High,Low,Medium,High
17699,Kerala,Ernakulam,High,High,Medium,Medium,,Medium,,High,Low,High,High
17700,Kerala,Idukki,Very low,Medium,,Medium,High,,,High,Medium,Medium,High
17698,Kerala,Kannur,High,High,Medium,Medium,High,Medium,,High,Medium,High,High
17701,Kerala,Kasaragod,Very low,Medium,Medium,Medium,High,Medium,,High,Low,High,High
17707,Kerala,Kollam,Medium,Medium,Very low,Medium,Medium,Medium,,High,Low,Medium,High
17702,Kerala,Kottayam,High,High,,Medium,High,,,High,Low,Medium,High
17703,Kerala,Kozhikode,High,High,Medium,Medium,High,Medium,,High,Medium,Medium,High
17704,Kerala,Malappuram,High,High,High,Medium,Medium,Medium,,High,Medium,High,High
17705,Kerala,Palakkad,Medium,Medium,,Medium,Medium,,,High,Medium,High,High
17706,Kerala,Pattanamtitta,Medium,High,Very low,Medium,Medium,,,High,Low,Medium,High
17709,Kerala,Thiruvananthapuram,Low,Medium,Very low,Medium,Medium,Medium,,High,Low,Medium,High
17708,Kerala,Thrissur,High,High,High,Medium,Low,Medium,,High,Low,High,High
17710,Kerala,Wayanad,Very low,Medium,,Medium,High,,,High,Medium,Medium,High
70167,Lakshadweep,Kavaratti,Very low,Very low,Medium,Low,Low,Medium,,,,,Very low
70168,Madhya Pradesh,Anuppur,Very low,Low,,Medium,Very low,,,Very low,Medium,High,High
70169,Madhya Pradesh,Ashoknagar,Low,Low,,Medium,Very low,,,Low,High,High,High
17712,Madhya Pradesh,Balaghat,Low,Low,,Medium,Low,,,Very low,Medium,High,High
70170,Madhya Pradesh,Barwani,Low,Low,,Medium,Medium,,,Low,Medium,High,High
17714,Madhya Pradesh,Betul,Low,Low,,Medium,Low,,,Low,Medium,High,High
17715,Madhya Pradesh,Bhind,High,Low,,Medium,Very low,,,Low,High,High,High
17716,Madhya Pradesh,Bhopal,Low,Low,,Medium,Very low,,,Low,Medium,High,High
70171,Madhya Pradesh,Burhanpur,Low,Low,,Medium,Low,,,Very low,Medium,High,High
17718,Madhya Pradesh,Chhatarpur,Low,Low,,Medium,Very low,,,Low,High,High,High
17719,Madhya Pradesh,Chhindwara,Low,Low,,Medium,Low,,,Very low,Medium,High,High
17720,Madhya Pradesh,Damoh,Medium,Low,,Medium,Low,,,Low,Medium,High,High
17721,Madhya Pradesh,Datia,Medium,Low,,Medium,Very low,,,Low,High,High,High
17722,Madhya Pradesh,Dewas,Low,Low,,Medium,Low,,,Very low,Medium,High,High
17723,Madhya Pradesh,Dhar,Low,Low,,Medium,Very low,,,Low,Medium,High,High
70172,Madhya Pradesh,Dindori,Very low,Low,,Medium,Low,,,Very low,Medium,High,High
17725,Madhya Pradesh,East Nimar,Low,Low,,Medium,Very low,,,Very low,Medium,High,High
17726,Madhya Pradesh,Guna,Low,Low,,Medium,Very low,,,Low,High,High,High
17727,Madhya Pradesh,Gwalior,Low,Low,,Medium,Very low,,,Low,Medium,High,High
70173,Madhya Pradesh,Harda,,Low,,Medium,Low,,,Low,Medium,High,High
17728,Madhya Pradesh,Hoshangabad,Medium,Low,,Medium,Low,,,Low,Low,High,High
17729,Madhya Pradesh,Indore,Low,Low,,Medium,Low,,,Low,Medium,High,High
17730,Madhya Pradesh,Jabalpur,Medium,Low,,Medium,Low,,,Low,Medium,High,High
17731,Madhya Pradesh,Jhabua,Very low,Low,,Medium,Very low,,,Low,High,High,High
70174,Madhya Pradesh,Katni,Low,Low,,Medium,Low,,,Low,Medium,High,High
17732,Madhya Pradesh,Mandla,Low,Medium,,Medium,Low,,,Very low,Medium,High,High
17733,Madhya Pradesh,Mandsaur,Low,Low,,Medium,Very low,,,Very low,High,High,High
17734,Madhya Pradesh,Morena,High,Low,,Medium,Very low,,,Low,High,High,High
17735,Madhya Pradesh,Narsinghpur,Medium,Low,,Medium,Low,,,Low,Medium,High,High
70175,Madhya Pradesh,Neemuch,Very low,Low,,Medium,Very low,,,Low,High,High,High
17736,Madhya Pradesh,Panna,Medium,Low,,Medium,Very low,,,Low,High,High,High
17739,Madhya Pradesh,Raisen,Low,Low,,Medium,Low,,,Low,Medium,High,High
17741,Madhya Pradesh,Rajgarh,Low,Low,,Medium,Very low,,,Low,High,High,High
17742,Madhya Pradesh,Ratlam,Low,Low,,Medium,Very low,,,Low,High,High,High
17743,Madhya Pradesh,Rewa,Medium,Low,,Medium,Very low,,,Low,High,High,High
17744,Madhya Pradesh,Sagar,Medium,Low,,Medium,Very low,,,Low,High,High,High
17745,Madhya Pradesh,Satna,Low,Low,,Medium,Very low,,,Low,High,High,High
17746,Madhya Pradesh,Sehore,Low,Low,,Medium,Low,,,Low,Medium,High,High
17747,Madhya Pradesh,Seoni,Low,Low,,Medium,Low,,,Very low,Medium,High,High
17748,Madhya Pradesh,Shahdol,Very low,Low,,Medium,Low,,,Very low,Medium,High,High
17749,Madhya Pradesh,Shajapur,Low,Low,,Medium,Very low,,,Low,High,High,High
70176,Madhya Pradesh,Sheopur,Low,Low,,Medium,Very low,,,Low,High,High,High
17750,Madhya Pradesh,Shivpuri,Low,Low,,Medium,Very low,,,Low,High,High,High
17751,Madhya Pradesh,Sidhi,Low,Low,,Medium,Low,,,Very low,High,High,High
17753,Madhya Pradesh,Tikamgarh,Medium,Low,,Medium,Very low,,,Low,High,High,High
17754,Madhya Pradesh,Ujjain,Medium,Low,,Medium,Very low,,,Low,Medium,High,High
70177,Madhya Pradesh,Umaria,Very low,Low,,Medium,Low,,,Low,Medium,High,High
17755,Madhya Pradesh,Vidisha,Low,Low,,Medium,Very low,,,Low,Medium,High,High
17756,Madhya Pradesh,West Nimar,Low,Low,,Medium,Very low,,,Low,Medium,High,High
70178,Maharashtra,Ahmednagar,Low,Low,,Medium,Very low,,,High,Medium,High,High
17758,Maharashtra,Akola,Medium,Medium,,Medium,Very low,,,Very low,Medium,High,High
17759,Maharashtra,Amravati,Low,Low,,Medium,Low,,,Very low,Medium,High,High
17786,Maharashtra,Aurangabad,Low,Low,,Medium,Very low,,,Medium,Medium,High,High
17761,Maharashtra,Bhandara,Medium,Low,,Medium,Very low,,,Very low,Medium,High,High
70179,Maharashtra,Bid,Low,Low,,Medium,Very low,,,High,Medium,High,High
17762,Maharashtra,Buldana,Low,Low,,Medium,Very low,,,Very low,Medium,High,High
17763,Maharashtra,Chandrapur,Medium,Low,,Medium,Very low,,,Low,Medium,High,High
17764,Maharashtra,Dhule,Very low,Low,,Medium,Very low,,,Medium,Medium,High,High
17765,Maharashtra,Garhchiroli,Medium,Low,,Medium,Low,,,High,Medium,High,High
70180,Maharashtra,Gondiya,Low,Low,,Medium,Low,,,Very low,Medium,High,High
70181,Maharashtra,Hingoli,Low,Low,,Medium,Very low,,,Very low,Medium,High,High
17767,Maharashtra,Jalgaon,Low,Low,,Medium,Very low,,,Low,Medium,High,High
70182,Maharashtra,Jalna,Low,Low,,Medium,Very low,,,Low,Medium,High,High
17769,Maharashtra,Kolhapur,Medium,Medium,,Medium,Medium,,,High,Medium,Medium,High
17770,Maharashtra,Latur,Medium,Low,,Medium,Very low,,,Low,Medium,Medium,High
70183,Maharashtra,Mumbai Suburban,Very low,Medium,High,Medium,High,Medium,,High,Low,High,High
70184,Maharashtra,Mumbai city,Very low,Low,High,Medium,Medium,Medium,,High,Low,High,High
17771,Maharashtra,Nagpur,Low,Low,,Medium,Very low,,,Very low,Medium,High,High
17772,Maharashtra,Nanded,Medium,Low,,Medium,Very low,,,Low,Medium,High,High
70185,Maharashtra,Nandurbar,Low,Low,,Medium,Medium,,,Medium,Medium,High,High
17773,Maharashtra,Nashik,Low,Low,,Medium,Medium,,,High,Medium,High,High
17774,Maharashtra,Osmanabad,Low,Low,,Medium,Very low,,,High,Medium,High,High
70186,Maharashtra,Parbhani,Medium,Low,,Medium,Very low,,,Low,Medium,High,High
17776,Maharashtra,Pune,Low,Low,,Medium,Medium,,,High,Medium,High,High
17777,Maharashtra,Raigarh,Low,High,High,Medium,High,Medium,,High,Medium,High,High
17778,Maharashtra,Ratnagiri,Very low,High,High,Medium,High,Medium,,High,Medium,High,High
17780,Maharashtra,Sangli,Low,Low,,Medium,Very low,,,High,Medium,High,High
17781,Maharashtra,Satara,Low,Low,,Medium,Medium,,,High,Medium,High,High
17779,Maharashtra,Sindhudurg,Very low,High,Medium,Medium,High,Medium,,High,Medium,High,High
17782,Maharashtra,Solapur,Low,Low,,Medium,Very low,,,High,Medium,High,High
17783,Maharashtra,Thane,Low,High,High,Medium,High,Medium,,High,Medium,High,High
17784,Maharashtra,Wardha,Medium,Low,,Medium,Very low,,,Very low,Medium,High,High
70187,Maharashtra,Washim,Low,Low,,Medium,Very low,,,Very low,Medium,High,High
17785,Maharashtra,Yavatmal,Medium,Low,,Medium,Very low,,,Very low,Medium,High,High
70188,Manipur,Bishnupur,High,High,,Medium,Medium,,,Medium,Very low,Low,High
70189,Manipur,Chandel,Very low,High,,Medium,High,,,High,Very low,High,High
70190,Manipur,Churachandpur,Very low,Medium,,Medium,High,,,High,Very low,High,High
70191,Manipur,East Imphal,High,High,,Medium,High,,,High,Very low,High,High
70192,Manipur,Senapati,Very low,Low,,Medium,High,,,Medium,Very low,Low,High
70193,Manipur,Tamenglong,Very low,Low,,Medium,High,,,High,Very low,High,High
70194,Manipur,Thoubal,High,High,,Medium,High,,,Medium,Very low,Low,High
70195,Manipur,Ukhrul,Very low,Very low,,Medium,High,,,Low,Very low,Medium,High
70196,Manipur,West Imphal,High,High,,Medium,High,,,Low,Very low,Low,High
17793,Meghalaya,East Garo Hills,Low,High,,Medium,Medium,,,Low,Very low,High,High
17794,Meghalaya,East Khasi Hills,Very low,Medium,,Medium,High,,,Low,Medium,Medium,High
17795,Meghalaya,Jaintia Hills,Very low,Medium,,Medium,High,,,Low,Medium,High,High
70197,Meghalaya,Ri-Bhoi,Low,High,,Medium,Medium,,,Low,Very low,Medium,High
70198,Meghalaya,South Garo Hills,Very low,High,,Medium,High,,,Low,Medium,High,High
17796,Meghalaya,West Garo Hills,High,High,,Medium,Medium,,,Low,Medium,High,High
17797,Meghalaya,West Khasi Hills,Very low,High,,Medium,High,,,Low,Medium,Medium,High
17798,Mizoram,Aizawl,Very low,Very low,,Medium,High,,,High,Very low,Medium,High
70199,Mizoram,Champhai,Very low,Low,,Medium,High,,,High,Very low,Low,High
70200,Mizoram,Kolasib,Medium,Very low,,Medium,High,,,High,Very low,High,High
70201,Mizoram,Lawngtlai,Low,High,,Medium,High,,,High,Low,High,High
17800,Mizoram,Lunglei,Medium,Very low,,Medium,High,,,High,Low,High,High
70202,Mizoram,Mamit,Low,Very low,,Medium,High,,,High,Low,High,High
70203,Mizoram,Saiha,Very low,Very low,,Medium,High,,,High,Very low,Medium,High
70204,Mizoram,Serchhip,Very low,Very low,,Medium,High,,,High,Very low,Medium,High
70205,Nagaland,Dimapur,Medium,High,,Medium,High,,,Very low,Very low,High,High
17801,Nagaland,Kohima,Very low,Very low,,Medium,High,,,Low,Very low,High,High
17802,Nagaland,Mokokchung,Very low,High,,Medium,High,,,Low,Very low,High,High
17803,Nagaland,Mon,Very low,High,,Medium,High,,,Low,Very low,High,High
17804,Nagaland,Phek,Very low,Very low,,Medium,High,,,Very low,Very low,Low,High
17805,Nagaland,Tuensang,Very low,Very low,,Medium,High,,,Low,Very low,High,High
17806,Nagaland,Wokha,Low,Very low,,Medium,High,,,Low,Very low,High,High
17807,Nagaland,Zunheboto,Very low,Very low,,Medium,High,,,Very low,Very low,Medium,High
70206,Orissa,Angul,Low,Low,,Medium,Medium,,,High,Low,High,High
70207,Orissa,Baleshwar,High,Medium,High,Medium,Very low,Medium,,High,Medium,High,High
70208,Orissa,Baragarh,Low,Low,,Medium,Very low,,,High,Low,High,High
70209,Orissa,Bhadrak,High,Medium,High,Medium,Very low,Medium,,High,Low,High,High
70210,Orissa,Bolangir,Low,Medium,,Medium,Very low,,,High,Low,High,High
70211,Orissa,Boudh,Medium,Low,,Medium,Low,,,High,Low,High,High
17809,Orissa,Cuttack,,Low,,Medium,Low,,,High,Low,High,High
70212,Orissa,Deogarh,Low,Low,,Medium,Medium,,,High,Low,High,High
17810,Orissa,Dhenkanal,Medium,Medium,,Medium,Low,,,High,Low,High,High
70213,Orissa,Gajapati,Low,Medium,,Medium,Low,,,High,Medium,High,High
17811,Orissa,Ganjam,Medium,Medium,High,Medium,Low,Medium,,High,Medium,High,High
70214,Orissa,Jagatsinghpur,Medium,Low,High,Medium,Very low,Medium,,High,Low,High,High
70215,Orissa,Jajpur,High,High,,Medium,Very low,,,High,Low,High,High
70216,Orissa,Jharsuguda,Medium,Low,,Medium,Very low,,,High,Low,High,High
17812,Orissa,Kalahandi,Low,Low,,Medium,Low,,,High,Low,High,High
70217,Orissa,Kandhamal,Very low,Medium,,Medium,Low,,,High,Low,High,High
70218,Orissa,Kendrapara,High,High,High,Medium,Very low,Medium,,High,Low,High,High
17813,Orissa,Keonjhar,Low,Low,,Medium,Low,,,High,Low,High,High
70219,Orissa,Khordha,Medium,Medium,,Medium,Low,,,High,Low,High,High
17814,Orissa,Koraput,Low,Medium,,Medium,Medium,,,High,Medium,High,High
70220,Orissa,Malkangiri,Medium,High,,Medium,Medium,,,High,Medium,High,High
17816,Orissa,Mayurbhanj,Medium,Low,Medium,Medium,Low,,,High,Medium,High,High
70221,Orissa,Nabarangpur,Low,Medium,,Medium,Low,,,High,Low,High,High
70222,Orissa,Nayagarh,Low,Medium,,Medium,Low,,,High,Low,High,High
70223,Orissa,Nuapada,Low,Medium,,Medium,Medium,,,High,Low,High,High
17818,Orissa,Puri,High,Medium,High,Medium,Very low,Medium,,High,Low,High,High
70224,Orissa,Rayagada,Low,High,,Medium,Low,,,High,Medium,High,High
17819,Orissa,Sambalpur,Medium,Medium,,Medium,Low,,,High,Low,High,High
70225,Orissa,Sonepur,High,Medium,,Medium,Very low,,,High,Low,High,High
17820,Orissa,Sundargarh,Low,Low,,Medium,Low,,,High,Low,High,High
70226,Puducherry,Karaikal,High,Medium,Very low,Medium,Very low,Medium,,High,Medium,High,High
70227,Puducherry,Mahe,High,High,,Medium,Medium,Medium,,High,Low,Medium,High
70228,Puducherry,Puducherry,Medium,Low,,Medium,Very low,Medium,,High,High,High,High
70229,Puducherry,Yanam,Very low,Very low,,Medium,Very low,,,High,Medium,,High
17821,Punjab,Amritsar,High,Medium,,Medium,Very low,,,Very low,High,High,High
17822,Punjab,Bathinda,High,Low,,Medium,Very low,,,Very low,High,High,High
70230,Punjab,Faridkot,High,Low,,Medium,Very low,,,Very low,High,High,High
70231,Punjab,Fatehgarh Sahib,Low,Very low,,Medium,Very low,,,Very low,High,High,High
17825,Punjab,Firozpur,High,High,,Medium,Very low,,,Very low,High,High,High
17826,Punjab,Gurdaspur,Medium,Low,,Medium,Very low,,,Very low,High,High,High
17827,Punjab,Hoshiarpur,Medium,Low,,Medium,Low,,,Very low,Medium,High,High
17828,Punjab,Jalandhar,High,Medium,,Medium,Very low,,,Very low,Medium,High,High
17829,Punjab,Kapurthala,High,Medium,,Medium,Very low,,,Very low,Medium,High,High
17830,Punjab,Ludhiana,High,Medium,,Medium,Very low,,,Very low,High,High,High
70232,Punjab,Mansa,High,Medium,,Medium,Very low,,,Very low,High,High,High
70233,Punjab,Moga,Medium,Low,,Medium,Very low,,,Very low,High,High,High
70234,Punjab,Muktsar,Medium,Low,,Medium,Very low,,,Very low,High,High,High
70235,Punjab,Nawan Shehar,High,Medium,,Medium,Very low,,,Very low,Medium,High,High
17831,Punjab,Patiala,High,Medium,,Medium,Very low,,,Very low,High,High,High
17832,Punjab,Rupnagar,High,Medium,,Medium,Low,,,Very low,High,High,High
17833,Punjab,Sangrur,High,Low,,Medium,Very low,,,Very low,High,High,High
17834,Rajasthan,Ajmer,Low,Low,,Medium,Very low,,,Low,High,High,High
17835,Rajasthan,Alwar,Low,Low,,Medium,Low,,,Low,High,High,High
17836,Rajasthan,Banswara,Low,Low,,Medium,Very low,,,Low,High,High,High
70236,Rajasthan,Baran,Medium,Low,,Medium,Very low,,,Low,High,High,High
17837,Rajasthan,Barmer,Low,Low,,Medium,Very low,,,Low,High,High,High
17838,Rajasthan,Bharatpur,High,Medium,,Medium,Very low,,,Low,High,High,High
17839,Rajasthan,Bhilwara,Low,Low,,Medium,Very low,,,Very low,High,High,High
17840,Rajasthan,Bikaner,Low,Low,,Medium,Very low,,,Low,High,High,High
17841,Rajasthan,Bundi,Low,Low,,Medium,Very low,,,Low,High,High,High
17842,Rajasthan,Chittaurgarh,Low,Low,,Medium,Very low,,,Low,High,High,High
17843,Rajasthan,Churu,Medium,Low,,Medium,Very low,,,Low,High,High,High
70237,Rajasthan,Dausa,Low,Very low,,Medium,Very low,,,Low,High,High,High
17844,Rajasthan,Dhaulpur,Medium,Low,,Medium,Very low,,,Low,High,High,High
17845,Rajasthan,Dungarpur,Low,Low,,Medium,Very low,,,Low,High,High,High
17846,Rajasthan,Ganganagar,High,Medium,,Medium,Very low,,,Low,High,High,High
70238,Rajasthan,Hanumangarh,High,High,,Medium,Very low,,,Very low,High,High,High
17847,Rajasthan,Jaipur,Low,Very low,,Medium,Very low,,,Low,High,High,High
17848,Rajasthan,Jaisalmer,Low,Low,,Medium,Very low,,,Very low,High,High,High
17849,Rajasthan,Jalor,Medium,Very low,,Medium,Very low,,,Low,High,High,High
17850,Rajasthan,Jhalawar,Medium,Low,,Medium,Very low,,,Very low,High,High,High
17851,Rajasthan,Jhunjhunun,Very low,Very low,,Medium,Very low,,,Low,High,High,High
17852,Rajasthan,Jodhpur,Low,Low,,Medium,Very low,,,Very low,High,High,High
70239,Rajasthan,Karauli,Very low,Low,,Medium,Very low,,,Low,High,High,High
17853,Rajasthan,Kota,High,Low,,Medium,Very low,,,Low,High,High,High
17854,Rajasthan,Nagaur,Low,Very low,,Medium,Very low,,,Low,High,High,High
17855,Rajasthan,Pali,Low,Low,,Medium,Very low,,,Very low,High,High,High
70240,Rajasthan,Rajsamand,Very low,Low,,Medium,Low,,,Very low,High,High,High
17856,Rajasthan,Sawai Madhopur,Medium,Low,,Medium,Very low,,,Low,High,High,High
17857,Rajasthan,Sikar,Very low,Very low,,Medium,Very low,,,Low,High,High,High
17858,Rajasthan,Sirohi,Very low,Low,,Medium,Low,,,Low,High,High,High
17859,Rajasthan,Tonk,Low,Low,,Medium,Very low,,,Low,High,High,High
17860,Rajasthan,Udaipur,Very low,Low,,Medium,Low,,,Low,High,High,High
17861,Sikkim,East,Very low,Medium,,Medium,High,,,Very low,Medium,Medium,High
17862,Sikkim,North Sikkim,Very low,Very low,,Medium,High,,,Low,Medium,Low,High
17863,Sikkim,South Sikkim,Very low,High,,Medium,High,,,Very low,Medium,Medium,High
17864,Sikkim,West Sikkim,Very low,Very low,,Medium,High,,,Very low,Medium,Medium,High
70241,Tamil Nadu,Ariyalur,Medium,Low,,Medium,Very low,,,High,High,High,High
70242,Tamil Nadu,Chennai,Medium,Low,Medium,Medium,Very low,Medium,,High,High,High,High
17867,Tamil Nadu,Coimbatore,Low,Low,,Medium,Low,,,High,Medium,High,High
70243,Tamil Nadu,Cuddalore,High,Medium,Medium,Medium,Very low,Medium,,High,High,High,High
17868,Tamil Nadu,Dharmapuri,Low,Low,,Medium,Low,,,High,High,High,High
17877,Tamil Nadu,Dindigul,Low,Low,,Medium,Medium,,,High,Medium,High,High
17875,Tamil Nadu,Erode,Low,Low,,Medium,Low,,,High,Medium,High,High
70244,Tamil Nadu,Kancheepuram,High,Low,High,Medium,Very low,Medium,,High,High,High,High
17870,Tamil Nadu,Kanniyakumari,Low,Low,Medium,Medium,Medium,Medium,,High,Low,Medium,High
70245,Tamil Nadu,Karur,Medium,Low,,Medium,Very low,,,High,Medium,High,High
70246,Tamil Nadu,Madurai,Medium,Low,,Medium,Low,,,High,Low,High,High
70247,Tamil Nadu,Nagapattinam,High,Low,High,Medium,Very low,Medium,,High,High,High,High
70248,Tamil Nadu,Namakkal,Medium,Low,,Medium,Low,,,High,High,High,High
17873,Tamil Nadu,Nilgiris,Very low,Very low,,Medium,High,,,High,Medium,Medium,High
70249,Tamil Nadu,Perambalur,Low,Low,,Medium,Very low,,,High,High,High,High
17876,Tamil Nadu,Pudukkottai,Medium,Low,Medium,Medium,Very low,Medium,,High,Medium,High,High
17878,Tamil Nadu,Ramanathapuram,Medium,Low,High,Medium,Very low,Medium,,High,Low,High,High
17879,Tamil Nadu,Salem,Low,Low,,Medium,Medium,,,High,High,High,High
17882,Tamil Nadu,Sivaganga,Medium,Low,Medium,Medium,Very low,,,High,Low,High,High
17881,Tamil Nadu,Thanjavur,Medium,Low,High,Medium,Very low,Medium,,High,Medium,High,High
70250,Tamil Nadu,Theni,Low,Medium,,Medium,Medium,,,High,Low,Medium,High
70251,Tamil Nadu,Thiruvallur,Medium,Low,Medium,Medium,Very low,Medium,,High,High,High,High
17866,Tamil Nadu,Thoothukudi,Medium,Low,Medium,Medium,Very low,Medium,,High,Low,High,High
17883,Tamil Nadu,Tiruchchirappalli,High,Medium,,Medium,Very low,,,High,High,High,High
17884,Tamil Nadu,Tirunelveli Kattabo,Low,Low,Medium,Medium,Low,Medium,,High,Low,High,High
70253,Tamil Nadu,Tiruvannamalai,Medium,Low,,Medium,Low,,,High,High,High,High
70254,Tamil Nadu,Vellore,Medium,Low,,Medium,Low,,,High,High,High,High
70255,Tamil Nadu,Villupuram,Medium,Low,Medium,Medium,Very low,Medium,,High,High,High,High
17869,Tamil Nadu,Virudhunagar,Medium,Low,,Medium,Very low,,,High,Low,High,High
70256,Tripura,Dhalai,Low,High,,Medium,Medium,,,High,Medium,High,High
17885,Tripura,North Tripura,High,High,,Medium,Medium,,,High,Medium,High,High
17886,Tripura,South Tripura,High,High,,Medium,Medium,,,High,Medium,High,High
17887,Tripura,West Tripura,Medium,High,,Medium,Low,,,High,Medium,High,High
17888,Uttar Pradesh,Agra,High,Low,,Medium,Very low,,,Very low,High,High,High
17889,Uttar Pradesh,Aligarh,High,Medium,,Medium,Very low,,,Very low,High,High,High
17890,Uttar Pradesh,Allahabad,High,Low,,Medium,Very low,,,Low,High,High,High
70257,Uttar Pradesh,Ambedkar Nagar,High,Low,,Medium,Very low,,,Low,High,High,High
70258,Uttar Pradesh,Auraiya,High,Low,,Medium,Very low,,,Very low,High,High,High
17892,Uttar Pradesh,Azamgarh,High,Medium,,Medium,Very low,,,Very low,High,High,High
70259,Uttar Pradesh,Badaun,High,Medium,,Medium,Very low,,,Very low,High,High,High
70260,Uttar Pradesh,Baghpat,High,Low,,Medium,Very low,,,Very low,High,High,High
17893,Uttar Pradesh,Bahraich,High,Low,,Medium,Very low,,,Very low,High,High,High
17894,Uttar Pradesh,Ballia,High,Low,,Medium,Very low,,,Very low,High,High,High
70261,Uttar Pradesh,Balrampur,High,Low,,Medium,Very low,,,Very low,High,High,High
17895,Uttar Pradesh,Banda,Medium,Very low,,Medium,Very low,,,Low,High,High,High
17896,Uttar Pradesh,Bara Banki,High,Low,,Medium,Very low,,,Low,High,High,High
17897,Uttar Pradesh,Bareilly,High,Low,,Medium,Very low,,,Very low,High,High,High
17898,Uttar Pradesh,Basti,High,Low,,Medium,Very low,,,Low,High,High,High
17899,Uttar Pradesh,Bijnor,High,Low,,Medium,Very low,,,Very low,High,High,High
17901,Uttar Pradesh,Bulandshahr,High,Low,,Medium,Very low,,,Very low,High,High,High
70262,Uttar Pradesh,Chandauli,Medium,Low,,Medium,Very low,,,Very low,High,High,High
70263,Uttar Pradesh,Chitrakoot,Low,Low,,Medium,Very low,,,Low,High,High,High
17904,Uttar Pradesh,Deoria,High,Medium,,Medium,Very low,,,Very low,High,High,High
17905,Uttar Pradesh,Etah,High,Low,,Medium,Very low,,,Very low,High,High,High
17906,Uttar Pradesh,Etawah,High,Low,,Medium,Very low,,,Very low,High,High,High
17907,Uttar Pradesh,Faizabad,Medium,Low,,Medium,Very low,,,Low,High,High,High
17908,Uttar Pradesh,Farrukhabad,High,Low,,Medium,Very low,,,Very low,High,High,High
17909,Uttar Pradesh,Fatehpur,Medium,Very low,,Medium,Very low,,,Low,High,High,High
70264,Uttar Pradesh,Firozabad,High,Low,,Medium,Very low,,,Very low,High,High,High
70265,Uttar Pradesh,Gautam Buddha Nagar,High,High,,Medium,Very low,,,Very low,High,High,High
17911,Uttar Pradesh,Ghaziabad,High,Medium,,Medium,Very low,,,Very low,High,High,High
17912,Uttar Pradesh,Ghazipur,High,Low,,Medium,Very low,,,Very low,High,High,High
17913,Uttar Pradesh,Gonda,High,Low,,Medium,Very low,,,Low,High,High,High
17914,Uttar Pradesh,Gorakhpur,High,Medium,,Medium,Very low,,,Very low,High,High,High
17915,Uttar Pradesh,Hamirpur,High,Low,,Medium,Very low,,,Low,High,High,High
17916,Uttar Pradesh,Hardoi,High,Low,,Medium,Very low,,,Very low,High,High,High
70266,Uttar Pradesh,Hathras,High,Low,,Medium,Very low,,,Very low,High,High,High
17917,Uttar Pradesh,Jalaun,Medium,Very low,,Medium,Very low,,,Low,High,High,High
17918,Uttar Pradesh,Jaunpur,High,Low,,Medium,Very low,,,Very low,High,High,High
17919,Uttar Pradesh,Jhansi,Medium,Low,,Medium,Very low,,,Low,High,High,High
70267,Uttar Pradesh,Jyotiba Phule Nagar,High,Low,,Medium,Very low,,,Very low,High,High,High
70268,Uttar Pradesh,Kannauj,High,Low,,Medium,Very low,,,Very low,High,High,High
17920,Uttar Pradesh,Kanpur,High,Low,,Medium,Very low,,,Very low,High,High,High
70269,Uttar Pradesh,Kanpur Dehat,High,Very low,,Medium,Very low,,,Low,High,High,High
70270,Uttar Pradesh,Kaushambi,High,Low,,Medium,Very low,,,Low,High,High,High
70271,Uttar Pradesh,Kushinagar,High,Low,,Medium,Very low,,,Very low,High,High,High
17921,Uttar Pradesh,Lakhimpur Kheri,High,Low,,Medium,Very low,,,Very low,High,High,High
17922,Uttar Pradesh,Lalitpur,Medium,Low,,Medium,Very low,,,Low,High,High,High
17923,Uttar Pradesh,Lucknow,High,Medium,,Medium,Very low,,,Very low,High,High,High
70272,Uttar Pradesh,Maharajganj,High,Low,,Medium,Very low,,,Low,High,High,High
70273,Uttar Pradesh,Mahoba,Low,Very low,,Medium,Very low,,,Low,High,High,High
17924,Uttar Pradesh,Mainpuri,High,Low,,Medium,Very low,,,Very low,High,High,High
17925,Uttar Pradesh,Mathura,High,Low,,Medium,Very low,,,Very low,High,High,High
70274,Uttar Pradesh,Mau,High,High,,Medium,Very low,,,Very low,High,High,High
17926,Uttar Pradesh,Meerut,High,Low,,Medium,Very low,,,Very low,High,High,High
17927,Uttar Pradesh,Mirzapur,Medium,Low,,Medium,Very low,,,Very low,High,High,High
17928,Uttar Pradesh,Moradabad,High,Low,,Medium,Very low,,,Very low,High,High,High
17929,Uttar Pradesh,Muzaffarnagar,High,Low,,Medium,Very low,,,Very low,High,High,High
17931,Uttar Pradesh,Pilibhit,High,Low,,Medium,Very low,,,Very low,High,High,High
17933,Uttar Pradesh,Pratapgarh,High,Low,,Medium,Very low,,,Low,High,High,High
17934,Uttar Pradesh,Rae Bareli,High,Low,,Medium,Very low,,,Low,High,High,High
17935,Uttar Pradesh,Rampur,High,Low,,Medium,Very low,,,Very low,High,High,High
17936,Uttar Pradesh,Saharanpur,High,Medium,,Medium,Very low,,,Very low,High,High,High
70275,Uttar Pradesh,Sant Kabir Nagar,High,Medium,,Medium,Very low,,,Low,High,High,High
70276,Uttar Pradesh,Sant Ravi Das Nagar,Medium,Very low,,Medium,Very low,,,Very low,High,High,High
17937,Uttar Pradesh,Shahjahanpur,High,Low,,Medium,Very low,,,Very low,High,High,High
70277,Uttar Pradesh,Shravasti,High,Low,,Medium,Very low,,,Very low,High,High,High
70278,Uttar Pradesh,Siddharth Nagar,High,Medium,,Medium,Very low,,,Low,High,High,High
17938,Uttar Pradesh,Sitapur,High,Low,,Medium,Very low,,,Very low,High,High,High
70279,Uttar Pradesh,Sonbhadra,Low,Low,,Medium,Very low,,,Very low,High,High,High
17939,Uttar Pradesh,Sultanpur,High,Low,,Medium,Very low,,,Low,High,High,High
17941,Uttar Pradesh,Unnao,High,Low,,Medium,Very low,,,Very low,High,High,High
17943,Uttar Pradesh,Varanasi,Medium,Low,,Medium,Very low,,,Very low,High,High,High
70280,Uttarakhand,Almora,Very low,Low,,Medium,High,,,Very low,Low,Medium,High
70281,Uttarakhand,Bageshwar,Very low,Medium,,Medium,High,,,Very low,Low,Medium,High
70282,Uttarakhand,Chamoli,Very low,Medium,,Medium,High,,,Very low,Low,Low,High
70283,Uttarakhand,Champawat,Very low,Low,,Medium,High,,,Very low,Low,Medium,High
17903,Uttarakhand,Dehra Dun,Low,Low,,Medium,High,,,Very low,High,High,High
70284,Uttarakhand,Haridwar,High,Low,,Medium,Very low,,,Very low,High,High,High
70285,Uttarakhand,Naini Tal,Very low,Low,,Medium,High,,,Very low,High,High,High
17910,Uttarakhand,Pauri Garhwal,Low,High,,Medium,High,,,Very low,High,High,High
17932,Uttarakhand,Pithoragarh,Very low,Low,,Medium,High,,,Very low,Low,Medium,High
70286,Uttarakhand,Rudra Prayag,Very low,Medium,,Medium,High,,,Very low,Low,Medium,High
70287,Uttarakhand,Tehri Garhwal,Very low,Very low,,Medium,High,,,Very low,Low,High,High
70288,Uttarakhand,Udham Singh Nagar,Medium,Low,,Medium,Very low,,,Very low,High,High,High
70289,Uttarakhand,Uttarkashi,Very low,High,,Medium,High,,,Very low,Medium,Low,High
17945,West Bengal,Bankura,Medium,Low,,Medium,Very low,,,High,Medium,High,High
17946,West Bengal,Barddhaman,High,Medium,,Medium,Very low,,,High,Medium,High,High
17947,West Bengal,Birbhum,High,Medium,,Medium,Very low,,,High,Medium,High,High
70290,West Bengal,Dakshin Dinajpur,High,High,,Medium,Very low,,,High,Medium,High,High
17948,West Bengal,Darjiling,Very low,Medium,,Medium,High,,,Very low,High,High,High
70291,West Bengal,East Midnapore,High,High,High,Medium,Very low,Medium,,High,Medium,High,High
17949,West Bengal,Haora,High,High,High,Medium,Very low,Medium,,High,Medium,High,High
17950,West Bengal,Hugli,High,Medium,,Medium,Very low,,,High,Medium,High,High
17951,West Bengal,Jalpaiguri,High,Medium,,Medium,Very low,,,Low,Medium,High,High
17952,West Bengal,Kochbihar,High,High,,Medium,Very low,,,Low,Medium,High,High
70292,West Bengal,Kolkata,Medium,Low,,Medium,Very low,,,High,Medium,High,High
17953,West Bengal,Maldah,High,Low,,Medium,Very low,,,High,High,High,High
17955,West Bengal,Murshidabad,High,Low,,Medium,Very low,,,High,Medium,High,High
17956,West Bengal,Nadia,High,Medium,,Medium,Very low,,,High,Medium,High,High
70293,West Bengal,North 24 Parganas,High,Medium,High,Medium,Very low,Medium,,High,Medium,High,High
17957,West Bengal,Puruliya,Low,Low,,Medium,Very low,,,High,Medium,High,High
70294,West Bengal,South 24 Parganas,High,Medium,High,Medium,Very low,Medium,,High,Medium,High,High
70295,West Bengal,Uttar Dinajpur,High,Medium,,Medium,Very low,,,Medium,High,High,High
70296,West Bengal,West Midnapore,High,Medium,Medium,Medium,Very low,,,High,Medium,High,High
